<?xml version = '1.0' encoding = 'UTF-8'?>
<Table class="oracle.dbtools.crest.model.design.relational.Table" directorySegmentName="seg_0" id="1956A1AD-8EAA-EFA5-AE51-18252DB669C6" name="stg_disposition">
<createdBy>Dima</createdBy>
<createdTime>2025-11-05 14:33:27 UTC</createdTime>
<ownerDesignName>Staging_logical_version1</ownerDesignName>
<ordsAlias>table_4</ordsAlias>
<allowColumnReorder>false</allowColumnReorder>
<existDependencyGenerateInDDl>true</existDependencyGenerateInDDl>
<parsed>true</parsed>
<columns itemClass="oracle.dbtools.crest.model.design.relational.Column">
<Column name="disp_id" id="546F5CAE-FE3A-97C1-910B-B37D7D1876EC">
<createdBy>Dima</createdBy>
<createdTime>2025-11-05 14:34:19 UTC</createdTime>
<ownerDesignName>Staging_logical_version1</ownerDesignName>
<use>0</use>
<ownDataTypeParameters>,,</ownDataTypeParameters>
<autoIncrementCycle>false</autoIncrementCycle>
</Column>
<Column name="client_id" id="B87A0449-C4D8-7C36-7CAB-2F3AA66E190D">
<createdBy>Dima</createdBy>
<createdTime>2025-11-05 15:10:54 UTC</createdTime>
<ownerDesignName>Staging_logical_version1</ownerDesignName>
<use>0</use>
<ownDataTypeParameters>,,</ownDataTypeParameters>
<autoIncrementCycle>false</autoIncrementCycle>
</Column>
<Column name="account_id" id="6DE06A70-5207-8FD6-3B2C-3B5ABFB362EC">
<createdBy>Dima</createdBy>
<createdTime>2025-11-05 15:11:54 UTC</createdTime>
<ownerDesignName>Staging_logical_version1</ownerDesignName>
<use>0</use>
<ownDataTypeParameters>,,</ownDataTypeParameters>
<autoIncrementCycle>false</autoIncrementCycle>
</Column>
<Column name="type" id="1E99EDDE-581E-EFDC-E7C8-1AD8CAC16746">
<createdBy>Dima</createdBy>
<createdTime>2025-11-05 14:34:19 UTC</createdTime>
<ownerDesignName>Staging_logical_version1</ownerDesignName>
<nullsAllowed>true</nullsAllowed>
<use>0</use>
<ownDataTypeParameters>,,</ownDataTypeParameters>
<autoIncrementCycle>false</autoIncrementCycle>
</Column>
<Column name="stg_insert_ts" id="33F4DAEE-79E7-AC8D-5CC2-6C648A3D9376">
<createdBy>Dima</createdBy>
<createdTime>2025-11-23 18:27:24 UTC</createdTime>
<ownerDesignName>Staging_logical_version1</ownerDesignName>
<nullsAllowed>true</nullsAllowed>
<use>0</use>
<ownDataTypeParameters>,,</ownDataTypeParameters>
<autoIncrementCycle>false</autoIncrementCycle>
</Column>
<Column name="stg_batch_id" id="5042E9A7-3755-592F-E82E-452D0D7EC722">
<createdBy>Dima</createdBy>
<createdTime>2025-11-23 18:27:24 UTC</createdTime>
<ownerDesignName>Staging_logical_version1</ownerDesignName>
<nullsAllowed>true</nullsAllowed>
<use>0</use>
<ownDataTypeParameters>,,</ownDataTypeParameters>
<autoIncrementCycle>false</autoIncrementCycle>
</Column>
</columns>
<indexes itemClass="oracle.dbtools.crest.model.design.relational.Index">
<ind_PK_UK id="9DEFEDE9-EDC4-C2B5-6230-CC16DBD4D5C7" name="stg_disposition_PK">
<createdBy>Dima</createdBy>
<createdTime>2025-11-05 14:34:19 UTC</createdTime>
<ownerDesignName>Staging_logical_version1</ownerDesignName>
<pk>true</pk>
<indexState>Primary Constraint</indexState>
<isSurrogateKey>false</isSurrogateKey>
<indexColumnUsage>
<colUsage columnID="546F5CAE-FE3A-97C1-910B-B37D7D1876EC"/>
</indexColumnUsage>
</ind_PK_UK>
</indexes>
</Table>