<?xml version = '1.0' encoding = 'UTF-8'?>
<Table class="oracle.dbtools.crest.model.design.relational.Table" directorySegmentName="seg_0" id="3AC301FA-90F2-3AFB-29D1-3865FFA52AAC" name="stg_district">
<createdBy>Dima</createdBy>
<createdTime>2025-11-05 14:26:36 UTC</createdTime>
<ownerDesignName>Staging_logical_version1</ownerDesignName>
<ordsAlias>table_2</ordsAlias>
<allowColumnReorder>false</allowColumnReorder>
<existDependencyGenerateInDDl>true</existDependencyGenerateInDDl>
<parsed>true</parsed>
<columns itemClass="oracle.dbtools.crest.model.design.relational.Column">
<Column name="district_id" id="B3E9F0A3-BD51-04D5-0A05-51AF0A0A43ED">
<createdBy>Dima</createdBy>
<createdTime>2025-11-05 14:27:15 UTC</createdTime>
<ownerDesignName>Staging_logical_version1</ownerDesignName>
<use>0</use>
<ownDataTypeParameters>,,</ownDataTypeParameters>
<autoIncrementCycle>false</autoIncrementCycle>
</Column>
<Column name="district_name" id="DA6EBB2A-6D14-68C4-2F0A-DC26CAABF427">
<createdBy>Dima</createdBy>
<createdTime>2025-11-05 14:27:15 UTC</createdTime>
<ownerDesignName>Staging_logical_version1</ownerDesignName>
<nullsAllowed>true</nullsAllowed>
<use>0</use>
<ownDataTypeParameters>,,</ownDataTypeParameters>
<autoIncrementCycle>false</autoIncrementCycle>
</Column>
<Column name="region" id="3F692D1B-2DB5-6E62-A782-BFADB46670FF">
<createdBy>Dima</createdBy>
<createdTime>2025-11-05 14:28:44 UTC</createdTime>
<ownerDesignName>Staging_logical_version1</ownerDesignName>
<nullsAllowed>true</nullsAllowed>
<use>0</use>
<ownDataTypeParameters>,,</ownDataTypeParameters>
<autoIncrementCycle>false</autoIncrementCycle>
</Column>
<Column name="num_inhabitants" id="43811C1B-DC43-F2D2-699F-CA72EC65D5CE">
<createdBy>Dima</createdBy>
<createdTime>2025-11-05 14:28:44 UTC</createdTime>
<ownerDesignName>Staging_logical_version1</ownerDesignName>
<nullsAllowed>true</nullsAllowed>
<use>0</use>
<ownDataTypeParameters>,,</ownDataTypeParameters>
<autoIncrementCycle>false</autoIncrementCycle>
</Column>
<Column name="avg_salary" id="D99C6C55-2531-E28B-C3F5-8A999C5CFD71">
<createdBy>Dima</createdBy>
<createdTime>2025-11-05 14:28:44 UTC</createdTime>
<ownerDesignName>Staging_logical_version1</ownerDesignName>
<nullsAllowed>true</nullsAllowed>
<use>0</use>
<ownDataTypeParameters>,,</ownDataTypeParameters>
<autoIncrementCycle>false</autoIncrementCycle>
</Column>
<Column name=" num_cities" id="4CD1A3EB-B660-1DA9-23C4-2CCA21E350FE">
<createdBy>Dima</createdBy>
<createdTime>2025-11-23 18:25:03 UTC</createdTime>
<ownerDesignName>Staging_logical_version1</ownerDesignName>
<nullsAllowed>true</nullsAllowed>
<use>0</use>
<ownDataTypeParameters>,,</ownDataTypeParameters>
<autoIncrementCycle>false</autoIncrementCycle>
</Column>
<Column name="num_municipalities" id="203ED706-C894-1447-5C39-5E51B411B872">
<createdBy>Dima</createdBy>
<createdTime>2025-11-23 18:25:03 UTC</createdTime>
<ownerDesignName>Staging_logical_version1</ownerDesignName>
<nullsAllowed>true</nullsAllowed>
<use>0</use>
<ownDataTypeParameters>,,</ownDataTypeParameters>
<autoIncrementCycle>false</autoIncrementCycle>
</Column>
<Column name="unemployment_rate_95" id="17AD68F4-DB3C-8C1A-82A7-0291BE6D0E9E">
<createdBy>Dima</createdBy>
<createdTime>2025-11-05 14:28:44 UTC</createdTime>
<ownerDesignName>Staging_logical_version1</ownerDesignName>
<nullsAllowed>true</nullsAllowed>
<use>0</use>
<ownDataTypeParameters>,,</ownDataTypeParameters>
<autoIncrementCycle>false</autoIncrementCycle>
</Column>
<Column name="unemployment_rate_96" id="BDDA981C-5352-F73E-6318-A9821E7945B0">
<createdBy>Dima</createdBy>
<createdTime>2025-11-05 14:28:44 UTC</createdTime>
<ownerDesignName>Staging_logical_version1</ownerDesignName>
<nullsAllowed>true</nullsAllowed>
<use>0</use>
<ownDataTypeParameters>,,</ownDataTypeParameters>
<autoIncrementCycle>false</autoIncrementCycle>
</Column>
<Column name="crimes_95" id="180B8CE0-CA6B-A7DA-D885-5E1D2362E213">
<createdBy>Dima</createdBy>
<createdTime>2025-11-05 14:28:44 UTC</createdTime>
<ownerDesignName>Staging_logical_version1</ownerDesignName>
<nullsAllowed>true</nullsAllowed>
<use>0</use>
<ownDataTypeParameters>,,</ownDataTypeParameters>
<autoIncrementCycle>false</autoIncrementCycle>
</Column>
<Column name="crimes_96" id="D968C05F-4E95-3ED3-6F21-EB4ECB4D1D82">
<createdBy>Dima</createdBy>
<createdTime>2025-11-05 14:28:44 UTC</createdTime>
<ownerDesignName>Staging_logical_version1</ownerDesignName>
<nullsAllowed>true</nullsAllowed>
<use>0</use>
<ownDataTypeParameters>,,</ownDataTypeParameters>
<autoIncrementCycle>false</autoIncrementCycle>
</Column>
<Column name="stg_insert_ts" id="EC9A1D89-9B36-4F76-34ED-AB0B661D99AE">
<createdBy>Dima</createdBy>
<createdTime>2025-11-23 18:25:03 UTC</createdTime>
<ownerDesignName>Staging_logical_version1</ownerDesignName>
<nullsAllowed>true</nullsAllowed>
<use>0</use>
<ownDataTypeParameters>,,</ownDataTypeParameters>
<autoIncrementCycle>false</autoIncrementCycle>
</Column>
<Column name="stg_batch_id" id="43F3BA2D-5619-3D9D-1323-7DFA051C8EB6">
<createdBy>Dima</createdBy>
<createdTime>2025-11-23 18:25:03 UTC</createdTime>
<ownerDesignName>Staging_logical_version1</ownerDesignName>
<nullsAllowed>true</nullsAllowed>
<use>0</use>
<ownDataTypeParameters>,,</ownDataTypeParameters>
<autoIncrementCycle>false</autoIncrementCycle>
</Column>
</columns>
<indexes itemClass="oracle.dbtools.crest.model.design.relational.Index">
<ind_PK_UK id="E9D4AD99-7DF1-FC21-729A-F201DC551C6F" name="stg_district_PK">
<createdBy>Dima</createdBy>
<createdTime>2025-11-05 14:27:15 UTC</createdTime>
<ownerDesignName>Staging_logical_version1</ownerDesignName>
<pk>true</pk>
<indexState>Primary Constraint</indexState>
<isSurrogateKey>false</isSurrogateKey>
<indexColumnUsage>
<colUsage columnID="B3E9F0A3-BD51-04D5-0A05-51AF0A0A43ED"/>
</indexColumnUsage>
</ind_PK_UK>
</indexes>
</Table>