<?xml version = '1.0' encoding = 'UTF-8'?>
<Table class="oracle.dbtools.crest.model.design.relational.Table" directorySegmentName="seg_0" id="426A4943-0C44-AF3D-1DC2-BB8854628713" name="stg_order">
<createdBy>Dima</createdBy>
<createdTime>2025-11-05 14:38:28 UTC</createdTime>
<ownerDesignName>Staging_logical_version1</ownerDesignName>
<ordsAlias>table_8</ordsAlias>
<allowColumnReorder>false</allowColumnReorder>
<existDependencyGenerateInDDl>true</existDependencyGenerateInDDl>
<parsed>true</parsed>
<columns itemClass="oracle.dbtools.crest.model.design.relational.Column">
<Column name="order_id" id="4816D8F8-4D48-BFDE-7457-A2D47395198F">
<createdBy>Dima</createdBy>
<createdTime>2025-11-05 14:39:33 UTC</createdTime>
<ownerDesignName>Staging_logical_version1</ownerDesignName>
<use>0</use>
<ownDataTypeParameters>,,</ownDataTypeParameters>
<autoIncrementCycle>false</autoIncrementCycle>
</Column>
<Column name="account_id" id="88216A1B-12BA-9C7A-6B4E-246DB736E627">
<createdBy>Dima</createdBy>
<createdTime>2025-11-05 15:17:35 UTC</createdTime>
<ownerDesignName>Staging_logical_version1</ownerDesignName>
<use>0</use>
<ownDataTypeParameters>,,</ownDataTypeParameters>
<autoIncrementCycle>false</autoIncrementCycle>
</Column>
<Column name="bank_to" id="ECFCD3FC-A746-F141-28C5-B1A8E4FB0F62">
<createdBy>Dima</createdBy>
<createdTime>2025-11-05 14:39:33 UTC</createdTime>
<ownerDesignName>Staging_logical_version1</ownerDesignName>
<nullsAllowed>true</nullsAllowed>
<use>0</use>
<ownDataTypeParameters>,,</ownDataTypeParameters>
<autoIncrementCycle>false</autoIncrementCycle>
</Column>
<Column name="account_to" id="C57A6267-5A08-4AD3-E076-BDC4FE67CC2A">
<createdBy>Dima</createdBy>
<createdTime>2025-11-05 14:39:33 UTC</createdTime>
<ownerDesignName>Staging_logical_version1</ownerDesignName>
<nullsAllowed>true</nullsAllowed>
<use>0</use>
<ownDataTypeParameters>,,</ownDataTypeParameters>
<autoIncrementCycle>false</autoIncrementCycle>
</Column>
<Column name="amount" id="21D58468-C52E-AF0D-2ECC-A4A4C95CFF68">
<createdBy>Dima</createdBy>
<createdTime>2025-11-05 14:39:33 UTC</createdTime>
<ownerDesignName>Staging_logical_version1</ownerDesignName>
<nullsAllowed>true</nullsAllowed>
<use>0</use>
<ownDataTypeParameters>,,</ownDataTypeParameters>
<autoIncrementCycle>false</autoIncrementCycle>
</Column>
<Column name="k_symbol" id="6DA7A478-5CDE-A89C-2689-934D12F92D85">
<createdBy>Dima</createdBy>
<createdTime>2025-11-05 14:39:33 UTC</createdTime>
<ownerDesignName>Staging_logical_version1</ownerDesignName>
<nullsAllowed>true</nullsAllowed>
<use>0</use>
<ownDataTypeParameters>,,</ownDataTypeParameters>
<autoIncrementCycle>false</autoIncrementCycle>
</Column>
<Column name="payment_type" id="56CC6123-FD58-D3C1-A4FB-5C84DECCEACB">
<createdBy>Dima</createdBy>
<createdTime>2025-11-05 14:39:33 UTC</createdTime>
<ownerDesignName>Staging_logical_version1</ownerDesignName>
<nullsAllowed>true</nullsAllowed>
<use>0</use>
<ownDataTypeParameters>,,</ownDataTypeParameters>
<autoIncrementCycle>false</autoIncrementCycle>
</Column>
<Column name="stg_insert_ts" id="091DFC00-3571-1745-65CD-221E2625D2EC">
<createdBy>Dima</createdBy>
<createdTime>2025-11-23 18:03:15 UTC</createdTime>
<ownerDesignName>Staging_logical_version1</ownerDesignName>
<nullsAllowed>true</nullsAllowed>
<use>0</use>
<ownDataTypeParameters>,,</ownDataTypeParameters>
<autoIncrementCycle>false</autoIncrementCycle>
</Column>
<Column name="stg_batch_id" id="CE01FDB4-544F-F6EF-6BBF-88DFDEF5F03B">
<createdBy>Dima</createdBy>
<createdTime>2025-11-23 18:03:15 UTC</createdTime>
<ownerDesignName>Staging_logical_version1</ownerDesignName>
<nullsAllowed>true</nullsAllowed>
<use>0</use>
<ownDataTypeParameters>,,</ownDataTypeParameters>
<autoIncrementCycle>false</autoIncrementCycle>
</Column>
</columns>
<indexes itemClass="oracle.dbtools.crest.model.design.relational.Index">
<ind_PK_UK id="D7575F68-ED03-9C1D-4F2F-8C97302A2CFC" name="stg_order_PK">
<createdBy>Dima</createdBy>
<createdTime>2025-11-05 14:39:33 UTC</createdTime>
<ownerDesignName>Staging_logical_version1</ownerDesignName>
<pk>true</pk>
<indexState>Primary Constraint</indexState>
<isSurrogateKey>false</isSurrogateKey>
<indexColumnUsage>
<colUsage columnID="4816D8F8-4D48-BFDE-7457-A2D47395198F"/>
</indexColumnUsage>
</ind_PK_UK>
</indexes>
</Table>