<?xml version = '1.0' encoding = 'UTF-8'?>
<Table class="oracle.dbtools.crest.model.design.relational.Table" directorySegmentName="seg_0" id="AFF8727B-B79D-ECDB-58A8-5B3806017FE2" name="stg_account">
<createdBy>Dima</createdBy>
<createdTime>2025-11-05 14:21:40 UTC</createdTime>
<ownerDesignName>Staging_logical_version1</ownerDesignName>
<ordsAlias>table_1</ordsAlias>
<allowColumnReorder>false</allowColumnReorder>
<existDependencyGenerateInDDl>true</existDependencyGenerateInDDl>
<parsed>true</parsed>
<columns itemClass="oracle.dbtools.crest.model.design.relational.Column">
<Column name="account_id" id="D59562E7-07F1-FCAB-0D26-7281ABF81E50">
<createdBy>Dima</createdBy>
<createdTime>2025-11-05 14:25:56 UTC</createdTime>
<ownerDesignName>Staging_logical_version1</ownerDesignName>
<use>0</use>
<ownDataTypeParameters>,,</ownDataTypeParameters>
<autoIncrementCycle>false</autoIncrementCycle>
</Column>
<Column name="district_id" id="0F47D15A-964B-70D2-E9B2-009B38B0B713">
<createdBy>Dima</createdBy>
<createdTime>2025-11-05 15:14:36 UTC</createdTime>
<ownerDesignName>Staging_logical_version1</ownerDesignName>
<use>0</use>
<ownDataTypeParameters>,,</ownDataTypeParameters>
<autoIncrementCycle>false</autoIncrementCycle>
</Column>
<Column name="creation_date" id="B47C7C5E-3FC6-BDC1-F536-DFF6146980C5">
<createdBy>Dima</createdBy>
<createdTime>2025-11-05 14:25:56 UTC</createdTime>
<ownerDesignName>Staging_logical_version1</ownerDesignName>
<nullsAllowed>true</nullsAllowed>
<use>0</use>
<ownDataTypeParameters>,,</ownDataTypeParameters>
<autoIncrementCycle>false</autoIncrementCycle>
</Column>
<Column name="frequency" id="B34E39CC-8B00-45E1-527D-9083C629DBD4">
<createdBy>Dima</createdBy>
<createdTime>2025-11-05 14:25:56 UTC</createdTime>
<ownerDesignName>Staging_logical_version1</ownerDesignName>
<nullsAllowed>true</nullsAllowed>
<use>0</use>
<ownDataTypeParameters>,,</ownDataTypeParameters>
<autoIncrementCycle>false</autoIncrementCycle>
</Column>
<Column name="stg_insert_ts" id="CD4E656B-1180-2E56-C25B-F0A1E03C1CC9">
<createdBy>Dima</createdBy>
<createdTime>2025-11-23 18:20:48 UTC</createdTime>
<ownerDesignName>Staging_logical_version1</ownerDesignName>
<nullsAllowed>true</nullsAllowed>
<use>0</use>
<ownDataTypeParameters>,,</ownDataTypeParameters>
<autoIncrementCycle>false</autoIncrementCycle>
</Column>
<Column name="stg_batch_id" id="C51C1467-6B84-8415-2B8A-046D89E78CA1">
<createdBy>Dima</createdBy>
<createdTime>2025-11-23 18:20:48 UTC</createdTime>
<ownerDesignName>Staging_logical_version1</ownerDesignName>
<nullsAllowed>true</nullsAllowed>
<use>0</use>
<ownDataTypeParameters>,,</ownDataTypeParameters>
<autoIncrementCycle>false</autoIncrementCycle>
</Column>
</columns>
<indexes itemClass="oracle.dbtools.crest.model.design.relational.Index">
<ind_PK_UK id="FDB60504-06EA-D150-790D-A6DDFECE9F5B" name="stg_account_PK">
<createdBy>Dima</createdBy>
<createdTime>2025-11-05 14:25:56 UTC</createdTime>
<ownerDesignName>Staging_logical_version1</ownerDesignName>
<pk>true</pk>
<indexState>Primary Constraint</indexState>
<isSurrogateKey>false</isSurrogateKey>
<indexColumnUsage>
<colUsage columnID="D59562E7-07F1-FCAB-0D26-7281ABF81E50"/>
</indexColumnUsage>
</ind_PK_UK>
</indexes>
</Table>