<?xml version = '1.0' encoding = 'UTF-8'?>
<Table class="oracle.dbtools.crest.model.design.relational.Table" directorySegmentName="seg_0" id="E63ED5EC-FEBF-9467-47FB-3A5094013EDB" name="stg_card">
<createdBy>Dima</createdBy>
<createdTime>2025-11-05 14:34:24 UTC</createdTime>
<ownerDesignName>Staging_logical_version1</ownerDesignName>
<ordsAlias>table_5</ordsAlias>
<allowColumnReorder>false</allowColumnReorder>
<existDependencyGenerateInDDl>true</existDependencyGenerateInDDl>
<parsed>true</parsed>
<columns itemClass="oracle.dbtools.crest.model.design.relational.Column">
<Column name="card_id" id="D620DA4C-FC6F-05A8-8C74-7C7DCB859D57">
<createdBy>Dima</createdBy>
<createdTime>2025-11-05 14:35:04 UTC</createdTime>
<ownerDesignName>Staging_logical_version1</ownerDesignName>
<use>0</use>
<ownDataTypeParameters>,,</ownDataTypeParameters>
<autoIncrementCycle>false</autoIncrementCycle>
</Column>
<Column name="disp_id" id="B4000B71-11BD-B2CB-46F6-F93F4B6E75AC">
<createdBy>Dima</createdBy>
<createdTime>2025-11-05 15:00:39 UTC</createdTime>
<ownerDesignName>Staging_logical_version1</ownerDesignName>
<use>0</use>
<ownDataTypeParameters>,,</ownDataTypeParameters>
<autoIncrementCycle>false</autoIncrementCycle>
</Column>
<Column name="card_type" id="E38666A8-7639-A5B7-551F-2B53A8443B05">
<createdBy>Dima</createdBy>
<createdTime>2025-11-05 14:35:04 UTC</createdTime>
<ownerDesignName>Staging_logical_version1</ownerDesignName>
<nullsAllowed>true</nullsAllowed>
<use>0</use>
<ownDataTypeParameters>,,</ownDataTypeParameters>
<autoIncrementCycle>false</autoIncrementCycle>
</Column>
<Column name="issued_type" id="0547B027-A2A1-3EA9-0F20-0AE4B56F23A9">
<createdBy>Dima</createdBy>
<createdTime>2025-11-05 14:35:04 UTC</createdTime>
<ownerDesignName>Staging_logical_version1</ownerDesignName>
<nullsAllowed>true</nullsAllowed>
<use>0</use>
<ownDataTypeParameters>,,</ownDataTypeParameters>
<autoIncrementCycle>false</autoIncrementCycle>
</Column>
<Column name="s_insert_ts" id="CD20B8A4-D86F-99EF-A7D5-B2DD00891D66">
<createdBy>Dima</createdBy>
<createdTime>2025-11-23 18:28:50 UTC</createdTime>
<ownerDesignName>Staging_logical_version1</ownerDesignName>
<nullsAllowed>true</nullsAllowed>
<use>0</use>
<ownDataTypeParameters>,,</ownDataTypeParameters>
<autoIncrementCycle>false</autoIncrementCycle>
</Column>
<Column name="stg_batch_id" id="75B193E4-4DF0-997B-60CE-EBC4C269DF90">
<createdBy>Dima</createdBy>
<createdTime>2025-11-23 18:28:50 UTC</createdTime>
<ownerDesignName>Staging_logical_version1</ownerDesignName>
<nullsAllowed>true</nullsAllowed>
<use>0</use>
<ownDataTypeParameters>,,</ownDataTypeParameters>
<autoIncrementCycle>false</autoIncrementCycle>
</Column>
</columns>
<indexes itemClass="oracle.dbtools.crest.model.design.relational.Index">
<ind_PK_UK id="80DF18BF-9C92-8F68-F7B0-D4CB0A884549" name="stg_card_PK">
<createdBy>Dima</createdBy>
<createdTime>2025-11-05 14:35:04 UTC</createdTime>
<ownerDesignName>Staging_logical_version1</ownerDesignName>
<pk>true</pk>
<indexState>Primary Constraint</indexState>
<isSurrogateKey>false</isSurrogateKey>
<indexColumnUsage>
<colUsage columnID="D620DA4C-FC6F-05A8-8C74-7C7DCB859D57"/>
</indexColumnUsage>
</ind_PK_UK>
</indexes>
</Table>