<?xml version = '1.0' encoding = 'UTF-8'?>
<Table class="oracle.dbtools.crest.model.design.relational.Table" directorySegmentName="seg_0" id="EB70A3B5-8328-758F-4B8D-EB3D242ECF74" name="stg_client">
<createdBy>Dima</createdBy>
<createdTime>2025-11-05 14:30:37 UTC</createdTime>
<ownerDesignName>Staging_logical_version1</ownerDesignName>
<ordsAlias>table_3</ordsAlias>
<allowColumnReorder>false</allowColumnReorder>
<existDependencyGenerateInDDl>true</existDependencyGenerateInDDl>
<parsed>true</parsed>
<columns itemClass="oracle.dbtools.crest.model.design.relational.Column">
<Column name="client_id" id="04AEFD2A-721E-DFB6-CA65-2578DEBD499B">
<createdBy>Dima</createdBy>
<createdTime>2025-11-05 14:32:35 UTC</createdTime>
<ownerDesignName>Staging_logical_version1</ownerDesignName>
<use>0</use>
<ownDataTypeParameters>,,</ownDataTypeParameters>
<autoIncrementCycle>false</autoIncrementCycle>
</Column>
<Column name="district_id" id="AA97F4E3-9BA2-10ED-8079-3F338FD78952">
<createdBy>Dima</createdBy>
<createdTime>2025-11-05 15:13:08 UTC</createdTime>
<ownerDesignName>Staging_logical_version1</ownerDesignName>
<use>0</use>
<ownDataTypeParameters>,,</ownDataTypeParameters>
<autoIncrementCycle>false</autoIncrementCycle>
</Column>
<Column name="birth_numer" id="3749EB65-6584-26A6-276E-CDB758025ED1">
<createdBy>Dima</createdBy>
<createdTime>2025-11-05 14:32:35 UTC</createdTime>
<ownerDesignName>Staging_logical_version1</ownerDesignName>
<nullsAllowed>true</nullsAllowed>
<use>0</use>
<ownDataTypeParameters>,,</ownDataTypeParameters>
<autoIncrementCycle>false</autoIncrementCycle>
</Column>
<Column name="stg_insert_ts" id="F1E993CC-E2E2-905F-017D-7BF015A7C45E">
<createdBy>Dima</createdBy>
<createdTime>2025-11-05 14:32:35 UTC</createdTime>
<ownerDesignName>Staging_logical_version1</ownerDesignName>
<nullsAllowed>true</nullsAllowed>
<use>0</use>
<ownDataTypeParameters>,,</ownDataTypeParameters>
<autoIncrementCycle>false</autoIncrementCycle>
</Column>
<Column name="stg_batch_id" id="A0DA1FDC-E2A8-D7D5-3134-BF8DEB0894C7">
<createdBy>Dima</createdBy>
<createdTime>2025-11-23 18:26:24 UTC</createdTime>
<ownerDesignName>Staging_logical_version1</ownerDesignName>
<nullsAllowed>true</nullsAllowed>
<use>0</use>
<ownDataTypeParameters>,,</ownDataTypeParameters>
<autoIncrementCycle>false</autoIncrementCycle>
</Column>
</columns>
<indexes itemClass="oracle.dbtools.crest.model.design.relational.Index">
<ind_PK_UK id="4C3426A6-6DAC-1732-3A2B-A2ECFA418892" name="stg_client_PK">
<createdBy>Dima</createdBy>
<createdTime>2025-11-05 14:32:35 UTC</createdTime>
<ownerDesignName>Staging_logical_version1</ownerDesignName>
<pk>true</pk>
<indexState>Primary Constraint</indexState>
<isSurrogateKey>false</isSurrogateKey>
<indexColumnUsage>
<colUsage columnID="04AEFD2A-721E-DFB6-CA65-2578DEBD499B"/>
</indexColumnUsage>
</ind_PK_UK>
</indexes>
</Table>