<?xml version = '1.0' encoding = 'UTF-8'?>
<Table class="oracle.dbtools.crest.model.design.relational.Table" directorySegmentName="seg_0" id="F66CA9B7-7E27-0BAE-B5E4-9A7D328FFF89" name="stg_transaction">
<createdBy>Dima</createdBy>
<createdTime>2025-11-05 14:36:35 UTC</createdTime>
<ownerDesignName>Staging_logical_version1</ownerDesignName>
<ordsAlias>table_7</ordsAlias>
<allowColumnReorder>false</allowColumnReorder>
<existDependencyGenerateInDDl>true</existDependencyGenerateInDDl>
<parsed>true</parsed>
<columns itemClass="oracle.dbtools.crest.model.design.relational.Column">
<Column name="trans_id" id="1122270C-F1C0-2733-C067-929D227F28AD">
<createdBy>Dima</createdBy>
<createdTime>2025-11-05 14:38:21 UTC</createdTime>
<ownerDesignName>Staging_logical_version1</ownerDesignName>
<use>0</use>
<ownDataTypeParameters>,,</ownDataTypeParameters>
<autoIncrementCycle>false</autoIncrementCycle>
</Column>
<Column name="account_id" id="3D4E11BF-E7E6-95D2-1261-D59CC2598050">
<createdBy>Dima</createdBy>
<createdTime>2025-11-05 15:16:20 UTC</createdTime>
<ownerDesignName>Staging_logical_version1</ownerDesignName>
<use>0</use>
<ownDataTypeParameters>,,</ownDataTypeParameters>
<autoIncrementCycle>false</autoIncrementCycle>
</Column>
<Column name="transaction_date" id="04287512-09A3-5783-BAF7-F0F65B12C69F">
<createdBy>Dima</createdBy>
<createdTime>2025-11-05 14:38:21 UTC</createdTime>
<ownerDesignName>Staging_logical_version1</ownerDesignName>
<nullsAllowed>true</nullsAllowed>
<use>0</use>
<ownDataTypeParameters>,,</ownDataTypeParameters>
<autoIncrementCycle>false</autoIncrementCycle>
</Column>
<Column name="operation" id="1D5FCED9-72BC-CF72-21E8-CF296641530E">
<createdBy>Dima</createdBy>
<createdTime>2025-11-05 14:38:21 UTC</createdTime>
<ownerDesignName>Staging_logical_version1</ownerDesignName>
<nullsAllowed>true</nullsAllowed>
<use>0</use>
<ownDataTypeParameters>,,</ownDataTypeParameters>
<autoIncrementCycle>false</autoIncrementCycle>
</Column>
<Column name="amount" id="6A3FA5DD-C693-9EF0-596B-94564A538675">
<createdBy>Dima</createdBy>
<createdTime>2025-11-05 14:38:21 UTC</createdTime>
<ownerDesignName>Staging_logical_version1</ownerDesignName>
<nullsAllowed>true</nullsAllowed>
<use>0</use>
<ownDataTypeParameters>,,</ownDataTypeParameters>
<autoIncrementCycle>false</autoIncrementCycle>
</Column>
<Column name="signed_ampunt" id="91A94C43-0326-02B5-656C-5479894983EE">
<createdBy>Dima</createdBy>
<createdTime>2025-11-05 14:38:21 UTC</createdTime>
<ownerDesignName>Staging_logical_version1</ownerDesignName>
<nullsAllowed>true</nullsAllowed>
<use>0</use>
<ownDataTypeParameters>,,</ownDataTypeParameters>
<autoIncrementCycle>false</autoIncrementCycle>
</Column>
<Column name="balance" id="A3273094-2933-29E2-3A63-A090E7449ED5">
<createdBy>Dima</createdBy>
<createdTime>2025-11-05 14:38:21 UTC</createdTime>
<ownerDesignName>Staging_logical_version1</ownerDesignName>
<nullsAllowed>true</nullsAllowed>
<use>0</use>
<ownDataTypeParameters>,,</ownDataTypeParameters>
<autoIncrementCycle>false</autoIncrementCycle>
</Column>
<Column name="k_symbol" id="BC02F77C-52DD-8C87-07D0-5CEFD24446C7">
<createdBy>Dima</createdBy>
<createdTime>2025-11-05 14:38:21 UTC</createdTime>
<ownerDesignName>Staging_logical_version1</ownerDesignName>
<nullsAllowed>true</nullsAllowed>
<use>0</use>
<ownDataTypeParameters>,,</ownDataTypeParameters>
<autoIncrementCycle>false</autoIncrementCycle>
</Column>
<Column name="bank" id="AFED0279-C222-7AEE-4E17-081CCCFFE950">
<createdBy>Dima</createdBy>
<createdTime>2025-11-05 14:38:21 UTC</createdTime>
<ownerDesignName>Staging_logical_version1</ownerDesignName>
<nullsAllowed>true</nullsAllowed>
<use>0</use>
<ownDataTypeParameters>,,</ownDataTypeParameters>
<autoIncrementCycle>false</autoIncrementCycle>
</Column>
<Column name="account_partner" id="354AD210-7833-C602-3505-98AD2470EEA5">
<createdBy>Dima</createdBy>
<createdTime>2025-11-05 14:38:21 UTC</createdTime>
<ownerDesignName>Staging_logical_version1</ownerDesignName>
<nullsAllowed>true</nullsAllowed>
<use>0</use>
<ownDataTypeParameters>,,</ownDataTypeParameters>
<autoIncrementCycle>false</autoIncrementCycle>
</Column>
<Column name="stg_insert_ts" id="3FD192EB-A8DE-A072-5667-564867BF1E92">
<createdBy>Dima</createdBy>
<createdTime>2025-11-23 18:16:20 UTC</createdTime>
<ownerDesignName>Staging_logical_version1</ownerDesignName>
<nullsAllowed>true</nullsAllowed>
<use>0</use>
<ownDataTypeParameters>,,</ownDataTypeParameters>
<autoIncrementCycle>false</autoIncrementCycle>
</Column>
<Column name="stg_batch_id" id="6F383A26-2250-5F5A-0003-DEF596D2350A">
<createdBy>Dima</createdBy>
<createdTime>2025-11-23 18:16:20 UTC</createdTime>
<ownerDesignName>Staging_logical_version1</ownerDesignName>
<nullsAllowed>true</nullsAllowed>
<use>0</use>
<ownDataTypeParameters>,,</ownDataTypeParameters>
<autoIncrementCycle>false</autoIncrementCycle>
</Column>
</columns>
<indexes itemClass="oracle.dbtools.crest.model.design.relational.Index">
<ind_PK_UK id="57537FC5-273E-D163-57A0-CF803DC49141" name="stg_transaction_PK">
<createdBy>Dima</createdBy>
<createdTime>2025-11-05 14:38:21 UTC</createdTime>
<ownerDesignName>Staging_logical_version1</ownerDesignName>
<pk>true</pk>
<indexState>Primary Constraint</indexState>
<isSurrogateKey>false</isSurrogateKey>
<indexColumnUsage>
<colUsage columnID="1122270C-F1C0-2733-C067-929D227F28AD"/>
</indexColumnUsage>
</ind_PK_UK>
</indexes>
</Table>