<?xml version = '1.0' encoding = 'UTF-8'?>
<Table class="oracle.dbtools.crest.model.design.relational.Table" directorySegmentName="seg_0" id="FEDB2E41-0636-D669-A522-95BBFF60EE32" name="stg_loan">
<createdBy>Dima</createdBy>
<createdTime>2025-11-05 14:35:07 UTC</createdTime>
<ownerDesignName>Staging_logical_version1</ownerDesignName>
<ordsAlias>table_6</ordsAlias>
<allowColumnReorder>false</allowColumnReorder>
<existDependencyGenerateInDDl>true</existDependencyGenerateInDDl>
<parsed>true</parsed>
<columns itemClass="oracle.dbtools.crest.model.design.relational.Column">
<Column name="loan_id" id="400E62A6-CB8F-10F6-FAE2-064DBCB77179">
<createdBy>Dima</createdBy>
<createdTime>2025-11-05 14:36:30 UTC</createdTime>
<ownerDesignName>Staging_logical_version1</ownerDesignName>
<use>0</use>
<ownDataTypeParameters>,,</ownDataTypeParameters>
<autoIncrementCycle>false</autoIncrementCycle>
</Column>
<Column name="account_id" id="B5A085D9-396E-8AEB-FAF6-ACCCAD6CFB74">
<createdBy>Dima</createdBy>
<createdTime>2025-11-05 15:08:21 UTC</createdTime>
<ownerDesignName>Staging_logical_version1</ownerDesignName>
<use>0</use>
<ownDataTypeParameters>,,</ownDataTypeParameters>
<autoIncrementCycle>false</autoIncrementCycle>
</Column>
<Column name="loan_date" id="029FD179-B9A2-AFFC-0150-921A596DE976">
<createdBy>Dima</createdBy>
<createdTime>2025-11-05 14:36:30 UTC</createdTime>
<ownerDesignName>Staging_logical_version1</ownerDesignName>
<nullsAllowed>true</nullsAllowed>
<use>0</use>
<ownDataTypeParameters>,,</ownDataTypeParameters>
<autoIncrementCycle>false</autoIncrementCycle>
</Column>
<Column name="duration" id="39E90CAD-90E3-CB9D-8B9C-55BD179EB58F">
<createdBy>Dima</createdBy>
<createdTime>2025-11-05 14:36:30 UTC</createdTime>
<ownerDesignName>Staging_logical_version1</ownerDesignName>
<nullsAllowed>true</nullsAllowed>
<use>0</use>
<ownDataTypeParameters>,,</ownDataTypeParameters>
<autoIncrementCycle>false</autoIncrementCycle>
</Column>
<Column name="amount" id="A40A0FC2-21EB-E7AB-5020-011A0E1E0462">
<createdBy>Dima</createdBy>
<createdTime>2025-11-05 14:36:30 UTC</createdTime>
<ownerDesignName>Staging_logical_version1</ownerDesignName>
<nullsAllowed>true</nullsAllowed>
<use>0</use>
<ownDataTypeParameters>,,</ownDataTypeParameters>
<autoIncrementCycle>false</autoIncrementCycle>
</Column>
<Column name="payment" id="403CA7D2-3BC5-83B8-DFDA-E378D5578A20">
<createdBy>Dima</createdBy>
<createdTime>2025-11-05 14:36:30 UTC</createdTime>
<ownerDesignName>Staging_logical_version1</ownerDesignName>
<nullsAllowed>true</nullsAllowed>
<use>0</use>
<ownDataTypeParameters>,,</ownDataTypeParameters>
<autoIncrementCycle>false</autoIncrementCycle>
</Column>
<Column name="status" id="7C627500-8EC3-6B4E-2EF1-5816637FCE12">
<createdBy>Dima</createdBy>
<createdTime>2025-11-05 14:36:30 UTC</createdTime>
<ownerDesignName>Staging_logical_version1</ownerDesignName>
<nullsAllowed>true</nullsAllowed>
<use>0</use>
<ownDataTypeParameters>,,</ownDataTypeParameters>
<autoIncrementCycle>false</autoIncrementCycle>
</Column>
<Column name="status_desc" id="236D0418-6632-560B-1CD5-8426E1B15F37">
<createdBy>Dima</createdBy>
<createdTime>2025-11-05 14:36:30 UTC</createdTime>
<ownerDesignName>Staging_logical_version1</ownerDesignName>
<nullsAllowed>true</nullsAllowed>
<use>0</use>
<ownDataTypeParameters>,,</ownDataTypeParameters>
<autoIncrementCycle>false</autoIncrementCycle>
</Column>
<Column name="stg_insert_ts" id="383EA0BC-46DF-0040-C25F-E3F69770CD56">
<createdBy>Dima</createdBy>
<createdTime>2025-11-23 18:18:32 UTC</createdTime>
<ownerDesignName>Staging_logical_version1</ownerDesignName>
<nullsAllowed>true</nullsAllowed>
<use>0</use>
<ownDataTypeParameters>,,</ownDataTypeParameters>
<autoIncrementCycle>false</autoIncrementCycle>
</Column>
<Column name="stg_batch_id" id="750C0316-76BC-EC85-72B8-1337C982D57D">
<createdBy>Dima</createdBy>
<createdTime>2025-11-23 18:18:32 UTC</createdTime>
<ownerDesignName>Staging_logical_version1</ownerDesignName>
<nullsAllowed>true</nullsAllowed>
<use>0</use>
<ownDataTypeParameters>,,</ownDataTypeParameters>
<autoIncrementCycle>false</autoIncrementCycle>
</Column>
</columns>
<indexes itemClass="oracle.dbtools.crest.model.design.relational.Index">
<ind_PK_UK id="0479CFD1-6B07-FB55-EDC2-14F8B2923139" name="stg_loan_PK">
<createdBy>Dima</createdBy>
<createdTime>2025-11-05 14:36:30 UTC</createdTime>
<ownerDesignName>Staging_logical_version1</ownerDesignName>
<pk>true</pk>
<indexState>Primary Constraint</indexState>
<isSurrogateKey>false</isSurrogateKey>
<indexColumnUsage>
<colUsage columnID="400E62A6-CB8F-10F6-FAE2-064DBCB77179"/>
</indexColumnUsage>
</ind_PK_UK>
</indexes>
</Table>