<?xml version = '1.0' encoding = 'UTF-8'?>
<Diagram class="oracle.dbtools.crest.swingui.relational.DPVRelational" name="Relational_1" id="BB517A96-7B93-8B17-B3DF-A19A46D290C5">
<createdBy>Dima</createdBy>
<modifiedBy>Dima</modifiedBy>
<createdTime>2025-11-05 14:21:41 UTC</createdTime>
<autoRoute>false</autoRoute>
<boxInbox>true</boxInbox>
<showLegend>false</showLegend>
<showLabels>false</showLabels>
<showRelAttributes>false</showRelAttributes>
<gridEnabled>false</gridEnabled>
<showGrid>false</showGrid>
<diagramColor>-1</diagramColor>
<display>false</display>
<notation>1</notation>
<objectViews>
<OView class="oracle.dbtools.crest.swingui.relational.TVTable" oid="1956A1AD-8EAA-EFA5-AE51-18252DB669C6" otype="Table" vid="0306E21C-ADC4-7242-B306-B38E9A0BA2FD">
<hideElementsInCurrentOnly>false</hideElementsInCurrentOnly>
<bounds x="471" y="349" width="222" height="131"/>
</OView>
<OView class="oracle.dbtools.crest.swingui.relational.TVTable" oid="3AC301FA-90F2-3AFB-29D1-3865FFA52AAC" otype="Table" vid="B4BAE293-F2FA-B8E3-F38B-38CA8887F54E">
<hideElementsInCurrentOnly>false</hideElementsInCurrentOnly>
<bounds x="7" y="229" width="217" height="229"/>
</OView>
<OView class="oracle.dbtools.crest.swingui.relational.TVTable" oid="426A4943-0C44-AF3D-1DC2-BB8854628713" otype="Table" vid="9146542A-DBC1-7872-87C9-A1FC44F410F7">
<hideElementsInCurrentOnly>false</hideElementsInCurrentOnly>
<bounds x="374" y="11" width="188" height="179"/>
</OView>
<OView class="oracle.dbtools.crest.swingui.relational.TVTable" oid="AFF8727B-B79D-ECDB-58A8-5B3806017FE2" otype="Table" vid="FE6296A7-82CD-BA3E-2354-2C60BEE7B43D">
<hideElementsInCurrentOnly>false</hideElementsInCurrentOnly>
<bounds x="371" y="200" width="203" height="138"/>
</OView>
<OView class="oracle.dbtools.crest.swingui.relational.TVTable" oid="E63ED5EC-FEBF-9467-47FB-3A5094013EDB" otype="Table" vid="53E468F4-2029-F047-050C-889372366973">
<hideElementsInCurrentOnly>false</hideElementsInCurrentOnly>
<bounds x="719" y="214" width="249" height="134"/>
</OView>
<OView class="oracle.dbtools.crest.swingui.relational.TVTable" oid="EB70A3B5-8328-758F-4B8D-EB3D242ECF74" otype="Table" vid="5B5E0462-5742-9265-7B65-EC2770CF3722">
<hideElementsInCurrentOnly>false</hideElementsInCurrentOnly>
<bounds x="242" y="349" width="171" height="122"/>
</OView>
<OView class="oracle.dbtools.crest.swingui.relational.TVTable" oid="F66CA9B7-7E27-0BAE-B5E4-9A7D328FFF89" otype="Table" vid="56656614-4FB9-D1BA-0423-3FBFE3E42467">
<hideElementsInCurrentOnly>false</hideElementsInCurrentOnly>
<bounds x="34" y="2" width="274" height="214"/>
</OView>
<OView class="oracle.dbtools.crest.swingui.relational.TVTable" oid="FEDB2E41-0636-D669-A522-95BBFF60EE32" otype="Table" vid="ED0DCF18-11F1-25CA-5B7B-ED1F26DF6EBB">
<hideElementsInCurrentOnly>false</hideElementsInCurrentOnly>
<bounds x="633" y="17" width="264" height="187"/>
</OView>
</objectViews>
</Diagram>