<?xml version = '1.0' encoding = 'UTF-8'?>
<Entity class="oracle.dbtools.crest.model.design.logical.Entity" directorySegmentName="seg_0" id="05BB1D53-7A58-2A31-A1F1-02E13A4374DA" name="stg account">
<createdBy>Dima</createdBy>
<createdTime>2025-11-27 17:50:33 UTC</createdTime>
<generatorID>AFF8727B-B79D-ECDB-58A8-5B3806017FE2</generatorID>
<ownerDesignName>Staging_logical_version1</ownerDesignName>
<engineerTo>
<item key="9FBAF11E-BFF4-E29D-A28D-F3BA4DB1F663" value="true"/>
</engineerTo>
<adequatelyNormalized>NO</adequatelyNormalized>
<expectedVolumes>0</expectedVolumes>
<fwdEngineeringStrategyName>Single Table</fwdEngineeringStrategyName>
<growthPercent>0</growthPercent>
<growthType>Year</growthType>
<maxVolumes>9999999</maxVolumes>
<minVolumes>0</minVolumes>
<normalForm>Third</normalForm>
<attributes itemClass="oracle.dbtools.crest.model.design.logical.Attribute">
<Attribute name="account id" id="6F7F2E43-698A-F573-9A74-6D1EC0121B72">
<createdBy>Dima</createdBy>
<createdTime>2025-11-27 17:50:33 UTC</createdTime>
<generatorID>D59562E7-07F1-FCAB-0D26-7281ABF81E50</generatorID>
<ownerDesignName>Staging_logical_version1</ownerDesignName>
<engineerTo>
<item key="9FBAF11E-BFF4-E29D-A28D-F3BA4DB1F663" value="true"/>
</engineerTo>
<use>0</use>
<ownDataTypeParameters>,,</ownDataTypeParameters>
</Attribute>
<Attribute name="district id" id="0FC11498-A2C1-D4D3-2A5E-54086B740750">
<createdBy>Dima</createdBy>
<createdTime>2025-11-27 17:50:33 UTC</createdTime>
<generatorID>0F47D15A-964B-70D2-E9B2-009B38B0B713</generatorID>
<ownerDesignName>Staging_logical_version1</ownerDesignName>
<engineerTo>
<item key="9FBAF11E-BFF4-E29D-A28D-F3BA4DB1F663" value="true"/>
</engineerTo>
<use>0</use>
<ownDataTypeParameters>,,</ownDataTypeParameters>
</Attribute>
<Attribute name="creation date" id="CDDFCB05-F713-3C4F-46E1-FA55C4165B4D">
<createdBy>Dima</createdBy>
<createdTime>2025-11-27 17:50:33 UTC</createdTime>
<generatorID>B47C7C5E-3FC6-BDC1-F536-DFF6146980C5</generatorID>
<ownerDesignName>Staging_logical_version1</ownerDesignName>
<engineerTo>
<item key="9FBAF11E-BFF4-E29D-A28D-F3BA4DB1F663" value="true"/>
</engineerTo>
<nullsAllowed>true</nullsAllowed>
<use>0</use>
<ownDataTypeParameters>,,</ownDataTypeParameters>
</Attribute>
<Attribute name="frequency" id="5FC642B5-B79E-6919-47DE-E21B43C87CD6">
<createdBy>Dima</createdBy>
<createdTime>2025-11-27 17:50:33 UTC</createdTime>
<generatorID>B34E39CC-8B00-45E1-527D-9083C629DBD4</generatorID>
<ownerDesignName>Staging_logical_version1</ownerDesignName>
<engineerTo>
<item key="9FBAF11E-BFF4-E29D-A28D-F3BA4DB1F663" value="true"/>
</engineerTo>
<nullsAllowed>true</nullsAllowed>
<use>0</use>
<ownDataTypeParameters>,,</ownDataTypeParameters>
</Attribute>
<Attribute name="stg insert ts" id="720BC262-E349-CABD-0280-66AEBF119A93">
<createdBy>Dima</createdBy>
<createdTime>2025-11-27 17:50:33 UTC</createdTime>
<generatorID>CD4E656B-1180-2E56-C25B-F0A1E03C1CC9</generatorID>
<ownerDesignName>Staging_logical_version1</ownerDesignName>
<engineerTo>
<item key="9FBAF11E-BFF4-E29D-A28D-F3BA4DB1F663" value="true"/>
</engineerTo>
<nullsAllowed>true</nullsAllowed>
<use>0</use>
<ownDataTypeParameters>,,</ownDataTypeParameters>
</Attribute>
<Attribute name="stg batch id" id="0F9284D5-E212-B3CF-5E0A-D037F88DE259">
<createdBy>Dima</createdBy>
<createdTime>2025-11-27 17:50:33 UTC</createdTime>
<generatorID>C51C1467-6B84-8415-2B8A-046D89E78CA1</generatorID>
<ownerDesignName>Staging_logical_version1</ownerDesignName>
<engineerTo>
<item key="9FBAF11E-BFF4-E29D-A28D-F3BA4DB1F663" value="true"/>
</engineerTo>
<nullsAllowed>true</nullsAllowed>
<use>0</use>
<ownDataTypeParameters>,,</ownDataTypeParameters>
</Attribute>
</attributes>
<identifiers itemClass="oracle.dbtools.crest.model.design.logical.CandidateKey">
<identifier id="191D108C-060E-8E88-5B3E-92AE5C344363" name="stg account PK">
<createdBy>Dima</createdBy>
<createdTime>2025-11-27 17:50:33 UTC</createdTime>
<generatorID>FDB60504-06EA-D150-790D-A6DDFECE9F5B</generatorID>
<ownerDesignName>Staging_logical_version1</ownerDesignName>
<engineerTo>
<item key="9FBAF11E-BFF4-E29D-A28D-F3BA4DB1F663" value="true"/>
</engineerTo>
<pk>true</pk>
<usedAttributes>
<attributeRef>6F7F2E43-698A-F573-9A74-6D1EC0121B72</attributeRef>
</usedAttributes>
</identifier>
</identifiers>
</Entity>