<?xml version = '1.0' encoding = 'UTF-8'?>
<Entity class="oracle.dbtools.crest.model.design.logical.Entity" directorySegmentName="seg_0" id="5C217C2C-7F34-25D1-AB64-C2A4D64C4B8A" name="stg card">
<createdBy>Dima</createdBy>
<createdTime>2025-11-27 17:50:33 UTC</createdTime>
<generatorID>E63ED5EC-FEBF-9467-47FB-3A5094013EDB</generatorID>
<ownerDesignName>Staging_logical_version1</ownerDesignName>
<engineerTo>
<item key="9FBAF11E-BFF4-E29D-A28D-F3BA4DB1F663" value="true"/>
</engineerTo>
<adequatelyNormalized>NO</adequatelyNormalized>
<expectedVolumes>0</expectedVolumes>
<fwdEngineeringStrategyName>Single Table</fwdEngineeringStrategyName>
<growthPercent>0</growthPercent>
<growthType>Year</growthType>
<maxVolumes>9999999</maxVolumes>
<minVolumes>0</minVolumes>
<normalForm>Third</normalForm>
<attributes itemClass="oracle.dbtools.crest.model.design.logical.Attribute">
<Attribute name="card id" id="BF580FB0-BB4D-32E3-0978-6BA72A8CB6D1">
<createdBy>Dima</createdBy>
<createdTime>2025-11-27 17:50:33 UTC</createdTime>
<generatorID>D620DA4C-FC6F-05A8-8C74-7C7DCB859D57</generatorID>
<ownerDesignName>Staging_logical_version1</ownerDesignName>
<engineerTo>
<item key="9FBAF11E-BFF4-E29D-A28D-F3BA4DB1F663" value="true"/>
</engineerTo>
<use>0</use>
<ownDataTypeParameters>,,</ownDataTypeParameters>
</Attribute>
<Attribute name="disp id" id="26CDFEA4-AF8C-4BC2-BFD0-8CCCE1D956A8">
<createdBy>Dima</createdBy>
<createdTime>2025-11-27 17:50:33 UTC</createdTime>
<generatorID>B4000B71-11BD-B2CB-46F6-F93F4B6E75AC</generatorID>
<ownerDesignName>Staging_logical_version1</ownerDesignName>
<engineerTo>
<item key="9FBAF11E-BFF4-E29D-A28D-F3BA4DB1F663" value="true"/>
</engineerTo>
<use>0</use>
<ownDataTypeParameters>,,</ownDataTypeParameters>
</Attribute>
<Attribute name="card type" id="04D38B4E-5A6E-B917-9C44-8E2775F54726">
<createdBy>Dima</createdBy>
<createdTime>2025-11-27 17:50:33 UTC</createdTime>
<generatorID>E38666A8-7639-A5B7-551F-2B53A8443B05</generatorID>
<ownerDesignName>Staging_logical_version1</ownerDesignName>
<engineerTo>
<item key="9FBAF11E-BFF4-E29D-A28D-F3BA4DB1F663" value="true"/>
</engineerTo>
<nullsAllowed>true</nullsAllowed>
<use>0</use>
<ownDataTypeParameters>,,</ownDataTypeParameters>
</Attribute>
<Attribute name="issued type" id="89DD5ED9-BFA6-F514-6C88-CE0B4F0F91AF">
<createdBy>Dima</createdBy>
<createdTime>2025-11-27 17:50:33 UTC</createdTime>
<generatorID>0547B027-A2A1-3EA9-0F20-0AE4B56F23A9</generatorID>
<ownerDesignName>Staging_logical_version1</ownerDesignName>
<engineerTo>
<item key="9FBAF11E-BFF4-E29D-A28D-F3BA4DB1F663" value="true"/>
</engineerTo>
<nullsAllowed>true</nullsAllowed>
<use>0</use>
<ownDataTypeParameters>,,</ownDataTypeParameters>
</Attribute>
<Attribute name="s insert ts" id="8CC125DA-3D5B-C40C-F396-B20B355C8F2E">
<createdBy>Dima</createdBy>
<createdTime>2025-11-27 17:50:33 UTC</createdTime>
<generatorID>CD20B8A4-D86F-99EF-A7D5-B2DD00891D66</generatorID>
<ownerDesignName>Staging_logical_version1</ownerDesignName>
<engineerTo>
<item key="9FBAF11E-BFF4-E29D-A28D-F3BA4DB1F663" value="true"/>
</engineerTo>
<nullsAllowed>true</nullsAllowed>
<use>0</use>
<ownDataTypeParameters>,,</ownDataTypeParameters>
</Attribute>
<Attribute name="stg batch id" id="A6E6037E-284F-9C00-FF10-CA84D8472009">
<createdBy>Dima</createdBy>
<createdTime>2025-11-27 17:50:33 UTC</createdTime>
<generatorID>75B193E4-4DF0-997B-60CE-EBC4C269DF90</generatorID>
<ownerDesignName>Staging_logical_version1</ownerDesignName>
<engineerTo>
<item key="9FBAF11E-BFF4-E29D-A28D-F3BA4DB1F663" value="true"/>
</engineerTo>
<nullsAllowed>true</nullsAllowed>
<use>0</use>
<ownDataTypeParameters>,,</ownDataTypeParameters>
</Attribute>
</attributes>
<identifiers itemClass="oracle.dbtools.crest.model.design.logical.CandidateKey">
<identifier id="891EA0FC-B8BD-4EFE-73A2-29E7577382DB" name="stg card PK">
<createdBy>Dima</createdBy>
<createdTime>2025-11-27 17:50:33 UTC</createdTime>
<generatorID>80DF18BF-9C92-8F68-F7B0-D4CB0A884549</generatorID>
<ownerDesignName>Staging_logical_version1</ownerDesignName>
<engineerTo>
<item key="9FBAF11E-BFF4-E29D-A28D-F3BA4DB1F663" value="true"/>
</engineerTo>
<pk>true</pk>
<usedAttributes>
<attributeRef>BF580FB0-BB4D-32E3-0978-6BA72A8CB6D1</attributeRef>
</usedAttributes>
</identifier>
</identifiers>
</Entity>