<?xml version = '1.0' encoding = 'UTF-8'?>
<Entity class="oracle.dbtools.crest.model.design.logical.Entity" directorySegmentName="seg_0" id="6801E83A-6F08-39C0-3C82-0C89D44B7F42" name="stg client">
<createdBy>Dima</createdBy>
<createdTime>2025-11-27 17:50:33 UTC</createdTime>
<generatorID>EB70A3B5-8328-758F-4B8D-EB3D242ECF74</generatorID>
<ownerDesignName>Staging_logical_version1</ownerDesignName>
<engineerTo>
<item key="9FBAF11E-BFF4-E29D-A28D-F3BA4DB1F663" value="true"/>
</engineerTo>
<adequatelyNormalized>NO</adequatelyNormalized>
<expectedVolumes>0</expectedVolumes>
<fwdEngineeringStrategyName>Single Table</fwdEngineeringStrategyName>
<growthPercent>0</growthPercent>
<growthType>Year</growthType>
<maxVolumes>9999999</maxVolumes>
<minVolumes>0</minVolumes>
<normalForm>Third</normalForm>
<attributes itemClass="oracle.dbtools.crest.model.design.logical.Attribute">
<Attribute name="client id" id="1D9606BD-05AB-326B-8A5A-05BE866DE80F">
<createdBy>Dima</createdBy>
<createdTime>2025-11-27 17:50:33 UTC</createdTime>
<generatorID>04AEFD2A-721E-DFB6-CA65-2578DEBD499B</generatorID>
<ownerDesignName>Staging_logical_version1</ownerDesignName>
<engineerTo>
<item key="9FBAF11E-BFF4-E29D-A28D-F3BA4DB1F663" value="true"/>
</engineerTo>
<use>0</use>
<ownDataTypeParameters>,,</ownDataTypeParameters>
</Attribute>
<Attribute name="district id" id="B0552A0A-9775-62BC-0C64-3F09A81D6499">
<createdBy>Dima</createdBy>
<createdTime>2025-11-27 17:50:33 UTC</createdTime>
<generatorID>AA97F4E3-9BA2-10ED-8079-3F338FD78952</generatorID>
<ownerDesignName>Staging_logical_version1</ownerDesignName>
<engineerTo>
<item key="9FBAF11E-BFF4-E29D-A28D-F3BA4DB1F663" value="true"/>
</engineerTo>
<use>0</use>
<ownDataTypeParameters>,,</ownDataTypeParameters>
</Attribute>
<Attribute name="birth numer" id="998B2326-75CF-42E4-57D2-DE2E65389971">
<createdBy>Dima</createdBy>
<createdTime>2025-11-27 17:50:33 UTC</createdTime>
<generatorID>3749EB65-6584-26A6-276E-CDB758025ED1</generatorID>
<ownerDesignName>Staging_logical_version1</ownerDesignName>
<engineerTo>
<item key="9FBAF11E-BFF4-E29D-A28D-F3BA4DB1F663" value="true"/>
</engineerTo>
<nullsAllowed>true</nullsAllowed>
<use>0</use>
<ownDataTypeParameters>,,</ownDataTypeParameters>
</Attribute>
<Attribute name="stg insert ts" id="4E29BD6A-C200-B2DA-6C43-DC552E32BD34">
<createdBy>Dima</createdBy>
<createdTime>2025-11-27 17:50:33 UTC</createdTime>
<generatorID>F1E993CC-E2E2-905F-017D-7BF015A7C45E</generatorID>
<ownerDesignName>Staging_logical_version1</ownerDesignName>
<engineerTo>
<item key="9FBAF11E-BFF4-E29D-A28D-F3BA4DB1F663" value="true"/>
</engineerTo>
<nullsAllowed>true</nullsAllowed>
<use>0</use>
<ownDataTypeParameters>,,</ownDataTypeParameters>
</Attribute>
<Attribute name="stg batch id" id="E6ECBAE2-6E25-56F2-890A-966A669076C3">
<createdBy>Dima</createdBy>
<createdTime>2025-11-27 17:50:33 UTC</createdTime>
<generatorID>A0DA1FDC-E2A8-D7D5-3134-BF8DEB0894C7</generatorID>
<ownerDesignName>Staging_logical_version1</ownerDesignName>
<engineerTo>
<item key="9FBAF11E-BFF4-E29D-A28D-F3BA4DB1F663" value="true"/>
</engineerTo>
<nullsAllowed>true</nullsAllowed>
<use>0</use>
<ownDataTypeParameters>,,</ownDataTypeParameters>
</Attribute>
</attributes>
<identifiers itemClass="oracle.dbtools.crest.model.design.logical.CandidateKey">
<identifier id="2FB733D4-64F4-072E-6C23-7A42AAF2A774" name="stg client PK">
<createdBy>Dima</createdBy>
<createdTime>2025-11-27 17:50:33 UTC</createdTime>
<generatorID>4C3426A6-6DAC-1732-3A2B-A2ECFA418892</generatorID>
<ownerDesignName>Staging_logical_version1</ownerDesignName>
<engineerTo>
<item key="9FBAF11E-BFF4-E29D-A28D-F3BA4DB1F663" value="true"/>
</engineerTo>
<pk>true</pk>
<usedAttributes>
<attributeRef>1D9606BD-05AB-326B-8A5A-05BE866DE80F</attributeRef>
</usedAttributes>
</identifier>
</identifiers>
</Entity>