<?xml version = '1.0' encoding = 'UTF-8'?>
<Entity class="oracle.dbtools.crest.model.design.logical.Entity" directorySegmentName="seg_0" id="728BD1A8-A97F-812C-F81E-177BABEBB1B5" name="stg disposition">
<createdBy>Dima</createdBy>
<createdTime>2025-11-27 17:50:33 UTC</createdTime>
<generatorID>1956A1AD-8EAA-EFA5-AE51-18252DB669C6</generatorID>
<ownerDesignName>Staging_logical_version1</ownerDesignName>
<engineerTo>
<item key="9FBAF11E-BFF4-E29D-A28D-F3BA4DB1F663" value="true"/>
</engineerTo>
<adequatelyNormalized>NO</adequatelyNormalized>
<expectedVolumes>0</expectedVolumes>
<fwdEngineeringStrategyName>Single Table</fwdEngineeringStrategyName>
<growthPercent>0</growthPercent>
<growthType>Year</growthType>
<maxVolumes>9999999</maxVolumes>
<minVolumes>0</minVolumes>
<normalForm>Third</normalForm>
<attributes itemClass="oracle.dbtools.crest.model.design.logical.Attribute">
<Attribute name="disp id" id="6D8FF76F-AC59-6773-F137-D6A3E0F48034">
<createdBy>Dima</createdBy>
<createdTime>2025-11-27 17:50:33 UTC</createdTime>
<generatorID>546F5CAE-FE3A-97C1-910B-B37D7D1876EC</generatorID>
<ownerDesignName>Staging_logical_version1</ownerDesignName>
<engineerTo>
<item key="9FBAF11E-BFF4-E29D-A28D-F3BA4DB1F663" value="true"/>
</engineerTo>
<use>0</use>
<ownDataTypeParameters>,,</ownDataTypeParameters>
</Attribute>
<Attribute name="client id" id="F92CB6D1-E982-00B0-68AC-4553BF818D2C">
<createdBy>Dima</createdBy>
<createdTime>2025-11-27 17:50:33 UTC</createdTime>
<generatorID>B87A0449-C4D8-7C36-7CAB-2F3AA66E190D</generatorID>
<ownerDesignName>Staging_logical_version1</ownerDesignName>
<engineerTo>
<item key="9FBAF11E-BFF4-E29D-A28D-F3BA4DB1F663" value="true"/>
</engineerTo>
<use>0</use>
<ownDataTypeParameters>,,</ownDataTypeParameters>
</Attribute>
<Attribute name="account id" id="2E41347C-BEF2-D221-084C-DE722D1FF59A">
<createdBy>Dima</createdBy>
<createdTime>2025-11-27 17:50:33 UTC</createdTime>
<generatorID>6DE06A70-5207-8FD6-3B2C-3B5ABFB362EC</generatorID>
<ownerDesignName>Staging_logical_version1</ownerDesignName>
<engineerTo>
<item key="9FBAF11E-BFF4-E29D-A28D-F3BA4DB1F663" value="true"/>
</engineerTo>
<use>0</use>
<ownDataTypeParameters>,,</ownDataTypeParameters>
</Attribute>
<Attribute name="type" id="D56D1A3E-B57C-F337-E05D-6D27049B2649">
<createdBy>Dima</createdBy>
<createdTime>2025-11-27 17:50:33 UTC</createdTime>
<generatorID>1E99EDDE-581E-EFDC-E7C8-1AD8CAC16746</generatorID>
<ownerDesignName>Staging_logical_version1</ownerDesignName>
<engineerTo>
<item key="9FBAF11E-BFF4-E29D-A28D-F3BA4DB1F663" value="true"/>
</engineerTo>
<nullsAllowed>true</nullsAllowed>
<use>0</use>
<ownDataTypeParameters>,,</ownDataTypeParameters>
</Attribute>
<Attribute name="stg insert ts" id="AAD0C9EB-3BB7-E71F-FF5B-3BF2F70F8998">
<createdBy>Dima</createdBy>
<createdTime>2025-11-27 17:50:33 UTC</createdTime>
<generatorID>33F4DAEE-79E7-AC8D-5CC2-6C648A3D9376</generatorID>
<ownerDesignName>Staging_logical_version1</ownerDesignName>
<engineerTo>
<item key="9FBAF11E-BFF4-E29D-A28D-F3BA4DB1F663" value="true"/>
</engineerTo>
<nullsAllowed>true</nullsAllowed>
<use>0</use>
<ownDataTypeParameters>,,</ownDataTypeParameters>
</Attribute>
<Attribute name="stg batch id" id="3203601D-0585-7BFB-6548-CC06793E0448">
<createdBy>Dima</createdBy>
<createdTime>2025-11-27 17:50:33 UTC</createdTime>
<generatorID>5042E9A7-3755-592F-E82E-452D0D7EC722</generatorID>
<ownerDesignName>Staging_logical_version1</ownerDesignName>
<engineerTo>
<item key="9FBAF11E-BFF4-E29D-A28D-F3BA4DB1F663" value="true"/>
</engineerTo>
<nullsAllowed>true</nullsAllowed>
<use>0</use>
<ownDataTypeParameters>,,</ownDataTypeParameters>
</Attribute>
</attributes>
<identifiers itemClass="oracle.dbtools.crest.model.design.logical.CandidateKey">
<identifier id="E9E62B2E-E8A4-D44F-3881-7E91FDA64447" name="stg disposition PK">
<createdBy>Dima</createdBy>
<createdTime>2025-11-27 17:50:33 UTC</createdTime>
<generatorID>9DEFEDE9-EDC4-C2B5-6230-CC16DBD4D5C7</generatorID>
<ownerDesignName>Staging_logical_version1</ownerDesignName>
<engineerTo>
<item key="9FBAF11E-BFF4-E29D-A28D-F3BA4DB1F663" value="true"/>
</engineerTo>
<pk>true</pk>
<usedAttributes>
<attributeRef>6D8FF76F-AC59-6773-F137-D6A3E0F48034</attributeRef>
</usedAttributes>
</identifier>
</identifiers>
</Entity>