<?xml version = '1.0' encoding = 'UTF-8'?>
<Entity class="oracle.dbtools.crest.model.design.logical.Entity" directorySegmentName="seg_0" id="F8016EF9-309D-1BC2-BC08-15C40FC01846" name="stg loan">
<createdBy>Dima</createdBy>
<createdTime>2025-11-27 17:50:33 UTC</createdTime>
<generatorID>FEDB2E41-0636-D669-A522-95BBFF60EE32</generatorID>
<ownerDesignName>Staging_logical_version1</ownerDesignName>
<engineerTo>
<item key="9FBAF11E-BFF4-E29D-A28D-F3BA4DB1F663" value="true"/>
</engineerTo>
<adequatelyNormalized>NO</adequatelyNormalized>
<expectedVolumes>0</expectedVolumes>
<fwdEngineeringStrategyName>Single Table</fwdEngineeringStrategyName>
<growthPercent>0</growthPercent>
<growthType>Year</growthType>
<maxVolumes>9999999</maxVolumes>
<minVolumes>0</minVolumes>
<normalForm>Third</normalForm>
<attributes itemClass="oracle.dbtools.crest.model.design.logical.Attribute">
<Attribute name="loan id" id="4C22604D-1537-2190-0C84-6EB4DC6341C9">
<createdBy>Dima</createdBy>
<createdTime>2025-11-27 17:50:33 UTC</createdTime>
<generatorID>400E62A6-CB8F-10F6-FAE2-064DBCB77179</generatorID>
<ownerDesignName>Staging_logical_version1</ownerDesignName>
<engineerTo>
<item key="9FBAF11E-BFF4-E29D-A28D-F3BA4DB1F663" value="true"/>
</engineerTo>
<use>0</use>
<ownDataTypeParameters>,,</ownDataTypeParameters>
</Attribute>
<Attribute name="account id" id="D0723238-6A0F-AD32-62F6-E7E7B5F25083">
<createdBy>Dima</createdBy>
<createdTime>2025-11-27 17:50:33 UTC</createdTime>
<generatorID>B5A085D9-396E-8AEB-FAF6-ACCCAD6CFB74</generatorID>
<ownerDesignName>Staging_logical_version1</ownerDesignName>
<engineerTo>
<item key="9FBAF11E-BFF4-E29D-A28D-F3BA4DB1F663" value="true"/>
</engineerTo>
<use>0</use>
<ownDataTypeParameters>,,</ownDataTypeParameters>
</Attribute>
<Attribute name="loan date" id="8644C1FD-C934-36D2-A6AB-1695C2CE5F5A">
<createdBy>Dima</createdBy>
<createdTime>2025-11-27 17:50:33 UTC</createdTime>
<generatorID>029FD179-B9A2-AFFC-0150-921A596DE976</generatorID>
<ownerDesignName>Staging_logical_version1</ownerDesignName>
<engineerTo>
<item key="9FBAF11E-BFF4-E29D-A28D-F3BA4DB1F663" value="true"/>
</engineerTo>
<nullsAllowed>true</nullsAllowed>
<use>0</use>
<ownDataTypeParameters>,,</ownDataTypeParameters>
</Attribute>
<Attribute name="duration" id="F6375CCE-19E4-17AF-52EC-C8316410E9C3">
<createdBy>Dima</createdBy>
<createdTime>2025-11-27 17:50:33 UTC</createdTime>
<generatorID>39E90CAD-90E3-CB9D-8B9C-55BD179EB58F</generatorID>
<ownerDesignName>Staging_logical_version1</ownerDesignName>
<engineerTo>
<item key="9FBAF11E-BFF4-E29D-A28D-F3BA4DB1F663" value="true"/>
</engineerTo>
<nullsAllowed>true</nullsAllowed>
<use>0</use>
<ownDataTypeParameters>,,</ownDataTypeParameters>
</Attribute>
<Attribute name="amount" id="CF2FBED4-7545-5417-C508-1170589C72B8">
<createdBy>Dima</createdBy>
<createdTime>2025-11-27 17:50:33 UTC</createdTime>
<generatorID>A40A0FC2-21EB-E7AB-5020-011A0E1E0462</generatorID>
<ownerDesignName>Staging_logical_version1</ownerDesignName>
<engineerTo>
<item key="9FBAF11E-BFF4-E29D-A28D-F3BA4DB1F663" value="true"/>
</engineerTo>
<nullsAllowed>true</nullsAllowed>
<use>0</use>
<ownDataTypeParameters>,,</ownDataTypeParameters>
</Attribute>
<Attribute name="payment" id="3DA66647-E0DF-A2CA-6BB5-4CBCCABB0782">
<createdBy>Dima</createdBy>
<createdTime>2025-11-27 17:50:33 UTC</createdTime>
<generatorID>403CA7D2-3BC5-83B8-DFDA-E378D5578A20</generatorID>
<ownerDesignName>Staging_logical_version1</ownerDesignName>
<engineerTo>
<item key="9FBAF11E-BFF4-E29D-A28D-F3BA4DB1F663" value="true"/>
</engineerTo>
<nullsAllowed>true</nullsAllowed>
<use>0</use>
<ownDataTypeParameters>,,</ownDataTypeParameters>
</Attribute>
<Attribute name="status" id="2F25115D-9357-A3A4-18D2-7C6BC0485D72">
<createdBy>Dima</createdBy>
<createdTime>2025-11-27 17:50:33 UTC</createdTime>
<generatorID>7C627500-8EC3-6B4E-2EF1-5816637FCE12</generatorID>
<ownerDesignName>Staging_logical_version1</ownerDesignName>
<engineerTo>
<item key="9FBAF11E-BFF4-E29D-A28D-F3BA4DB1F663" value="true"/>
</engineerTo>
<nullsAllowed>true</nullsAllowed>
<use>0</use>
<ownDataTypeParameters>,,</ownDataTypeParameters>
</Attribute>
<Attribute name="status desc" id="18C1CFCA-C4CE-93C8-C0A8-64F5C20F57B8">
<createdBy>Dima</createdBy>
<createdTime>2025-11-27 17:50:33 UTC</createdTime>
<generatorID>236D0418-6632-560B-1CD5-8426E1B15F37</generatorID>
<ownerDesignName>Staging_logical_version1</ownerDesignName>
<engineerTo>
<item key="9FBAF11E-BFF4-E29D-A28D-F3BA4DB1F663" value="true"/>
</engineerTo>
<nullsAllowed>true</nullsAllowed>
<use>0</use>
<ownDataTypeParameters>,,</ownDataTypeParameters>
</Attribute>
<Attribute name="stg insert ts" id="FF910FE9-5077-E577-C291-2008D7957F50">
<createdBy>Dima</createdBy>
<createdTime>2025-11-27 17:50:33 UTC</createdTime>
<generatorID>383EA0BC-46DF-0040-C25F-E3F69770CD56</generatorID>
<ownerDesignName>Staging_logical_version1</ownerDesignName>
<engineerTo>
<item key="9FBAF11E-BFF4-E29D-A28D-F3BA4DB1F663" value="true"/>
</engineerTo>
<nullsAllowed>true</nullsAllowed>
<use>0</use>
<ownDataTypeParameters>,,</ownDataTypeParameters>
</Attribute>
<Attribute name="stg batch id" id="DA1654EC-3AB2-0B3C-C361-3C7303C6D223">
<createdBy>Dima</createdBy>
<createdTime>2025-11-27 17:50:33 UTC</createdTime>
<generatorID>750C0316-76BC-EC85-72B8-1337C982D57D</generatorID>
<ownerDesignName>Staging_logical_version1</ownerDesignName>
<engineerTo>
<item key="9FBAF11E-BFF4-E29D-A28D-F3BA4DB1F663" value="true"/>
</engineerTo>
<nullsAllowed>true</nullsAllowed>
<use>0</use>
<ownDataTypeParameters>,,</ownDataTypeParameters>
</Attribute>
</attributes>
<identifiers itemClass="oracle.dbtools.crest.model.design.logical.CandidateKey">
<identifier id="C9245EB5-E0B8-1FFD-5D65-5046361261B0" name="stg loan PK">
<createdBy>Dima</createdBy>
<createdTime>2025-11-27 17:50:33 UTC</createdTime>
<generatorID>0479CFD1-6B07-FB55-EDC2-14F8B2923139</generatorID>
<ownerDesignName>Staging_logical_version1</ownerDesignName>
<engineerTo>
<item key="9FBAF11E-BFF4-E29D-A28D-F3BA4DB1F663" value="true"/>
</engineerTo>
<pk>true</pk>
<usedAttributes>
<attributeRef>4C22604D-1537-2190-0C84-6EB4DC6341C9</attributeRef>
</usedAttributes>
</identifier>
</identifiers>
</Entity>