<?xml version = '1.0' encoding = 'UTF-8'?>
<Diagram class="oracle.dbtools.crest.swingui.logical.DPVLogical" name="Logical" id="9EDD2F84-7EF1-E64A-0BA8-A94D24D78F33">
<createdBy>Dima</createdBy>
<modifiedBy>Dima</modifiedBy>
<createdTime>2025-11-05 14:47:25 UTC</createdTime>
<autoRoute>false</autoRoute>
<boxInbox>true</boxInbox>
<showLegend>false</showLegend>
<showLabels>false</showLabels>
<showRelAttributes>false</showRelAttributes>
<gridEnabled>false</gridEnabled>
<showGrid>false</showGrid>
<diagramColor>-1</diagramColor>
<display>false</display>
<notation>2</notation>
<objectViews>
<OView class="oracle.dbtools.crest.swingui.logical.TVEntity" oid="05BB1D53-7A58-2A31-A1F1-02E13A4374DA" otype="Entity" vid="775D8E85-16CA-2FD7-9DCF-D6EE6EA14C54">
<hideElementsInCurrentOnly>false</hideElementsInCurrentOnly>
<bounds x="380" y="212" width="203" height="132"/>
</OView>
<OView class="oracle.dbtools.crest.swingui.logical.TVEntity" oid="55091448-4ED7-3043-2042-04E03DB9B1B5" otype="Entity" vid="451483DD-B3F0-DFCB-B754-DFC794D07BAC">
<hideElementsInCurrentOnly>false</hideElementsInCurrentOnly>
<bounds x="0" y="85" width="274" height="212"/>
</OView>
<OView class="oracle.dbtools.crest.swingui.logical.TVEntity" oid="5C217C2C-7F34-25D1-AB64-C2A4D64C4B8A" otype="Entity" vid="D142E363-1416-6979-5B16-3B333FB911CF">
<hideElementsInCurrentOnly>false</hideElementsInCurrentOnly>
<bounds x="729" y="242" width="249" height="131"/>
</OView>
<OView class="oracle.dbtools.crest.swingui.logical.TVEntity" oid="6801E83A-6F08-39C0-3C82-0C89D44B7F42" otype="Entity" vid="3628BF28-B5BD-78A9-A3B4-4ACA1A57BC6E">
<hideElementsInCurrentOnly>false</hideElementsInCurrentOnly>
<bounds x="285" y="390" width="171" height="117"/>
</OView>
<OView class="oracle.dbtools.crest.swingui.logical.TVEntity" oid="728BD1A8-A97F-812C-F81E-177BABEBB1B5" otype="Entity" vid="FB1B9B28-AC41-B764-828C-57B1AA2A8775">
<hideElementsInCurrentOnly>false</hideElementsInCurrentOnly>
<bounds x="516" y="388" width="222" height="141"/>
</OView>
<OView class="oracle.dbtools.crest.swingui.logical.TVEntity" oid="B985F8AD-B03C-DAF0-00D9-AFA5B55DAE30" otype="Entity" vid="1EAD6B3C-8424-E032-059E-3AE99FD98E2E">
<hideElementsInCurrentOnly>false</hideElementsInCurrentOnly>
<bounds x="322" y="0" width="188" height="180"/>
</OView>
<OView class="oracle.dbtools.crest.swingui.logical.TVEntity" oid="EE95D392-28A1-4FA2-5F82-896770347338" otype="Entity" vid="81646836-2A3A-AA6D-89A8-629269703BA4">
<hideElementsInCurrentOnly>false</hideElementsInCurrentOnly>
<bounds x="25" y="317" width="217" height="232"/>
</OView>
<OView class="oracle.dbtools.crest.swingui.logical.TVEntity" oid="F8016EF9-309D-1BC2-BC08-15C40FC01846" otype="Entity" vid="A767AE79-4C83-6B89-C52B-29F40563E8CA">
<hideElementsInCurrentOnly>false</hideElementsInCurrentOnly>
<bounds x="614" y="15" width="264" height="188"/>
</OView>
</objectViews>
</Diagram>